"Anchorage, AK, USA",
"Fairbanks, AK, USA",
"Juneau, AK, USA",

"Alabaster, AL, USA",
"Athens, AL, USA",
"Auburn, AL, USA",
"Bessemer, AL, USA",
"Birmingham, AL, USA",
"Daphne, AL, USA",
"Decatur, AL, USA",
"Dothan, AL, USA",
"Enterprise, AL, USA",
"Florence, AL, USA",
"Gadsden, AL, USA",
"Homewood, AL, USA",
"Hoover, AL, USA",
"Huntsville, AL, USA",
"Madison, AL, USA",
"Mobile, AL, USA",
"Montgomery, AL, USA",
"Northport, AL, USA",
"Opelika, AL, USA",
"Phenix City, AL, USA",
"Prattville, AL, USA",
"Trussville, AL, USA",
"Tuscaloosa, AL, USA",
"Vestavia Hills, AL, USA",

"Bella Vista, AR, USA",
"Benton, AR, USA",
"Bentonville, AR, USA",
"Cabot, AR, USA",
"Conway, AR, USA",
"Fayetteville, AR, USA",
"Fort Smith, AR, USA",
"Hot Springs, AR, USA",
"Jacksonville, AR, USA",
"Jonesboro, AR, USA",
"Little Rock, AR, USA",
"North Little Rock, AR, USA",
"Paragould, AR, USA",
"Pine Bluff, AR, USA",
"Rogers, AR, USA",
"Russellville, AR, USA",
"Sherwood, AR, USA",
"Springdale, AR, USA",
"Texarkana, AR, USA",

"Apache Junction, AZ, USA",
"Avondale, AZ, USA",
"Buckeye, AZ, USA",
"Bullhead City, AZ, USA",
"Casa Grande, AZ, USA",
"Casas Adobes, AZ, USA",
"Catalina Foothills, AZ, USA",
"Chandler, AZ, USA",
"Drexel Heights, AZ, USA",
"El Mirage, AZ, USA",
"Flagstaff, AZ, USA",
"Florence, AZ, USA",
"Fortuna Foothills, AZ, USA",
"Gilbert, AZ, USA",
"Glendale, AZ, USA",
"Goodyear, AZ, USA",
"Kingman, AZ, USA",
"Lake Havasu City, AZ, USA",
"Marana, AZ, USA",
"Maricopa, AZ, USA",
"Mesa, AZ, USA",
"Oro Valley, AZ, USA",
"Peoria, AZ, USA",
"Phoenix, AZ, USA",
"Prescott, AZ, USA",
"Prescott Valley, AZ, USA",
"Queen Creek, AZ, USA",
"Sahuarita, AZ, USA",
"San Luis, AZ, USA",
"San Tan Valley, AZ, USA",
"Scottsdale, AZ, USA",
"Sierra Vista, AZ, USA",
"Sun City, AZ, USA",
"Sun City West, AZ, USA",
"Surprise, AZ, USA",
"Tempe, AZ, USA",
"Tucson, AZ, USA",
"Yuma, AZ, USA",

"Adelanto, CA, USA",
"Alameda, CA, USA",
"Alhambra, CA, USA",
"Aliso Viejo, CA, USA",
"Altadena, CA, USA",
"Anaheim, CA, USA",
"Antelope, CA, USA",
"Antioch, CA, USA",
"Apple Valley, CA, USA",
"Arcadia, CA, USA",
"Arden-Arcade, CA, USA",
"Atascadero, CA, USA",
"Atwater, CA, USA",
"Azusa, CA, USA",
"Bakersfield, CA, USA",
"Baldwin Park, CA, USA",
"Banning, CA, USA",
"Barstow, CA, USA",
"Beaumont, CA, USA",
"Bell, CA, USA",
"Bell Gardens, CA, USA",
"Bellflower, CA, USA",
"Belmont, CA, USA",
"Benicia, CA, USA",
"Berkeley, CA, USA",
"Beverly Hills, CA, USA",
"Brawley, CA, USA",
"Brea, CA, USA",
"Brentwood, CA, USA",
"Buena Park, CA, USA",
"Burbank, CA, USA",
"Burlingame, CA, USA",
"Calexico, CA, USA",
"Camarillo, CA, USA",
"Campbell, CA, USA",
"Carlsbad, CA, USA",
"Carmichael, CA, USA",
"Carson, CA, USA",
"Castro Valley, CA, USA",
"Cathedral City, CA, USA",
"Ceres, CA, USA",
"Cerritos, CA, USA",
"Chico, CA, USA",
"Chino, CA, USA",
"Chino Hills, CA, USA",
"Chula Vista, CA, USA",
"Citrus Heights, CA, USA",
"Claremont, CA, USA",
"Clovis, CA, USA",
"Coachella, CA, USA",
"Colton, CA, USA",
"Compton, CA, USA",
"Concord, CA, USA",
"Corona, CA, USA",
"Costa Mesa, CA, USA",
"Covina, CA, USA",
"Culver City, CA, USA",
"Cupertino, CA, USA",
"Cypress, CA, USA",
"Daly City, CA, USA",
"Dana Point, CA, USA",
"Danville, CA, USA",
"Davis, CA, USA",
"Delano, CA, USA",
"Desert Hot Springs, CA, USA",
"Diamond Bar, CA, USA",
"Dinuba, CA, USA",
"Downey, CA, USA",
"Dublin, CA, USA",
"East Los Angeles, CA, USA",
"East Niles, CA, USA",
"East Palo Alto, CA, USA",
"Eastern Goleta Valley, CA, USA",
"Eastvale, CA, USA",
"El Cajon, CA, USA",
"El Centro, CA, USA",
"El Cerrito, CA, USA",
"El Dorado Hills, CA, USA",
"El Monte, CA, USA",
"Elk Grove, CA, USA",
"Encinitas, CA, USA",
"Escondido, CA, USA",
"Eureka, CA, USA",
"Fair Oaks, CA, USA",
"Fairfield, CA, USA",
"Fallbrook, CA, USA",
"Florence-Graham, CA, USA",
"Florin, CA, USA",
"Folsom, CA, USA",
"Fontana, CA, USA",
"Foothill Farms, CA, USA",
"Foster City, CA, USA",
"Fountain Valley, CA, USA",
"Fremont, CA, USA",
"French Valley, CA, USA",
"Fresno, CA, USA",
"Fullerton, CA, USA",
"Galt, CA, USA",
"Garden Grove, CA, USA",
"Gardena, CA, USA",
"Gilroy, CA, USA",
"Glendale, CA, USA",
"Glendora, CA, USA",
"Goleta, CA, USA",
"Hacienda Heights, CA, USA",
"Hanford, CA, USA",
"Hawthorne, CA, USA",
"Hayward, CA, USA",
"Hemet, CA, USA",
"Hercules, CA, USA",
"Hesperia, CA, USA",
"Highland, CA, USA",
"Hollister, CA, USA",
"Huntington Beach, CA, USA",
"Huntington Park, CA, USA",
"Imperial Beach, CA, USA",
"Indio, CA, USA",
"Inglewood, CA, USA",
"Irvine, CA, USA",
"Jurupa Valley, CA, USA",
"La Habra, CA, USA",
"La Mesa, CA, USA",
"La Mirada, CA, USA",
"La Presa, CA, USA",
"La Puente, CA, USA",
"La Quinta, CA, USA",
"La Verne, CA, USA",
"Lafayette, CA, USA",
"Laguna Hills, CA, USA",
"Laguna Niguel, CA, USA",
"Lake Elsinore, CA, USA",
"Lake Forest, CA, USA",
"Lakewood, CA, USA",
"Lancaster, CA, USA",
"Lathrop, CA, USA",
"Lawndale, CA, USA",
"Lemon Grove, CA, USA",
"Lemoore, CA, USA",
"Lincoln, CA, USA",
"Livermore, CA, USA",
"Lodi, CA, USA",
"Loma Linda, CA, USA",
"Lompoc, CA, USA",
"Long Beach, CA, USA",
"Los Altos, CA, USA",
"Los Angeles, CA, USA",
"Los Banos, CA, USA",
"Los Gatos, CA, USA",
"Lynwood, CA, USA",
"Madera, CA, USA",
"Manhattan Beach, CA, USA",
"Manteca, CA, USA",
"Martinez, CA, USA",
"Menifee, CA, USA",
"Menlo Park, CA, USA",
"Merced, CA, USA",
"Milpitas, CA, USA",
"Mission Viejo, CA, USA",
"Modesto, CA, USA",
"Monrovia, CA, USA",
"Montclair, CA, USA",
"Montebello, CA, USA",
"Monterey, CA, USA",
"Monterey Park, CA, USA",
"Moorpark, CA, USA",
"Moreno Valley, CA, USA",
"Morgan Hill, CA, USA",
"Mountain House, CA, USA",
"Mountain View, CA, USA",
"Murrieta, CA, USA",
"Napa, CA, USA",
"National City, CA, USA",
"Newark, CA, USA",
"Newport Beach, CA, USA",
"Norco, CA, USA",
"North Highlands, CA, USA",
"North Tustin, CA, USA",
"Norwalk, CA, USA",
"Novato, CA, USA",
"Oakland, CA, USA",
"Oakley, CA, USA",
"Oceanside, CA, USA",
"Oildale, CA, USA",
"Ontario, CA, USA",
"Orange, CA, USA",
"Orangevale, CA, USA",
"Orcutt, CA, USA",
"Oxnard, CA, USA",
"Pacifica, CA, USA",
"Palm Desert, CA, USA",
"Palm Springs, CA, USA",
"Palmdale, CA, USA",
"Palo Alto, CA, USA",
"Paramount, CA, USA",
"Pasadena, CA, USA",
"Paso Robles, CA, USA",
"Perris, CA, USA",
"Petaluma, CA, USA",
"Pico Rivera, CA, USA",
"Pittsburg, CA, USA",
"Placentia, CA, USA",
"Pleasant Hill, CA, USA",
"Pleasanton, CA, USA",
"Pomona, CA, USA",
"Porterville, CA, USA",
"Poway, CA, USA",
"Rancho Cordova, CA, USA",
"Rancho Cucamonga, CA, USA",
"Rancho Palos Verdes, CA, USA",
"Rancho Santa Margarita, CA, USA",
"Redding, CA, USA",
"Redlands, CA, USA",
"Redondo Beach, CA, USA",
"Redwood City, CA, USA",
"Reedley, CA, USA",
"Rialto, CA, USA",
"Richmond, CA, USA",
"Ridgecrest, CA, USA",
"Riverside, CA, USA",
"Rocklin, CA, USA",
"Rohnert Park, CA, USA",
"Rosemead, CA, USA",
"Roseville, CA, USA",
"Rowland Heights, CA, USA",
"Sacramento, CA, USA",
"Salinas, CA, USA",
"San Bernardino, CA, USA",
"San Bruno, CA, USA",
"San Carlos, CA, USA",
"San Clemente, CA, USA",
"San Diego, CA, USA",
"San Dimas, CA, USA",
"San Francisco, CA, USA",
"San Gabriel, CA, USA",
"San Jacinto, CA, USA",
"San Jose, CA, USA",
"San Juan Capistrano, CA, USA",
"San Leandro, CA, USA",
"San Lorenzo, CA, USA",
"San Luis Obispo, CA, USA",
"San Marcos, CA, USA",
"San Mateo, CA, USA",
"San Pablo, CA, USA",
"San Rafael, CA, USA",
"San Ramon, CA, USA",
"Sanger, CA, USA",
"Santa Ana, CA, USA",
"Santa Barbara, CA, USA",
"Santa Clara, CA, USA",
"Santa Clarita, CA, USA",
"Santa Cruz, CA, USA",
"Santa Maria, CA, USA",
"Santa Monica, CA, USA",
"Santa Paula, CA, USA",
"Santa Rosa, CA, USA",
"Santee, CA, USA",
"Saratoga, CA, USA",
"Seaside, CA, USA",
"Simi Valley, CA, USA",
"South Gate, CA, USA",
"South Pasadena, CA, USA",
"South San Francisco, CA, USA",
"South Whittier, CA, USA",
"Spring Valley, CA, USA",
"Stanton, CA, USA",
"Stockton, CA, USA",
"Suisun City, CA, USA",
"Sunnyvale, CA, USA",
"Temecula, CA, USA",
"Temescal Valley, CA, USA",
"Temple City, CA, USA",
"Thousand Oaks, CA, USA",
"Torrance, CA, USA",
"Tracy, CA, USA",
"Tulare, CA, USA",
"Turlock, CA, USA",
"Tustin, CA, USA",
"Twentynine Palms, CA, USA",
"Union City, CA, USA",
"Upland, CA, USA",
"Vacaville, CA, USA",
"Vallejo, CA, USA",
"Ventura, CA, USA",
"Victorville, CA, USA",
"Vineyard, CA, USA",
"Visalia, CA, USA",
"Vista, CA, USA",
"Walnut, CA, USA",
"Walnut Creek, CA, USA",
"Wasco, CA, USA",
"Watsonville, CA, USA",
"West Covina, CA, USA",
"West Hollywood, CA, USA",
"West Sacramento, CA, USA",
"West Whittier-Los Nietos, CA, USA",
"Westminster, CA, USA",
"Westmont, CA, USA",
"Whittier, CA, USA",
"Wildomar, CA, USA",
"Windsor, CA, USA",
"Woodland, CA, USA",
"Yorba Linda, CA, USA",
"Yuba City, CA, USA",
"Yucaipa, CA, USA",

"Arvada, CO, USA",
"Aurora, CO, USA",
"Boulder, CO, USA",
"Brighton, CO, USA",
"Broomfield, CO, USA",
"Castle Rock, CO, USA",
"Centennial, CO, USA",
"Colorado Springs, CO, USA",
"Columbine, CO, USA",
"Commerce City, CO, USA",
"Dakota Ridge, CO, USA",
"Denver, CO, USA",
"Englewood, CO, USA",
"Erie, CO, USA",
"Fort Collins, CO, USA",
"Fountain, CO, USA",
"Grand Junction, CO, USA",
"Greeley, CO, USA",
"Highlands Ranch, CO, USA",
"Ken Caryl, CO, USA",
"Lafayette, CO, USA",
"Lakewood, CO, USA",
"Littleton, CO, USA",
"Longmont, CO, USA",
"Loveland, CO, USA",
"Northglenn, CO, USA",
"Parker, CO, USA",
"Pueblo, CO, USA",
"Pueblo West, CO, USA",
"Security-Widefield, CO, USA",
"Thornton, CO, USA",
"Westminster, CO, USA",
"Wheat Ridge, CO, USA",
"Windsor, CO, USA",

"Bridgeport, CT, USA",
"Bristol, CT, USA",
"Danbury, CT, USA",
"East Hartford, CT, USA",
"East Haven, CT, USA",
"Hartford, CT, USA",
"Manchester, CT, USA",
"Meriden, CT, USA",
"Middletown, CT, USA",
"Milford, CT, USA",
"Naugatuck, CT, USA",
"New Britain, CT, USA",
"New Haven, CT, USA",
"New London, CT, USA",
"Newington, CT, USA",
"Norwalk, CT, USA",
"Norwich, CT, USA",
"Shelton, CT, USA",
"Stamford, CT, USA",
"Torrington, CT, USA",
"Waterbury, CT, USA",
"West Hartford, CT, USA",
"West Haven, CT, USA",
"Wethersfield, CT, USA",

"Washington, DC, USA",

"Dover, DE, USA",
"Newark, DE, USA",
"Wilmington, DE, USA",

"Alafaya, FL, USA",
"Altamonte Springs, FL, USA",
"Apollo Beach, FL, USA",
"Apopka, FL, USA",
"Aventura, FL, USA",
"Bellview, FL, USA",
"Boca Raton, FL, USA",
"Bonita Springs, FL, USA",
"Boynton Beach, FL, USA",
"Bradenton, FL, USA",
"Brandon, FL, USA",
"Buenaventura Lakes, FL, USA",
"Cape Coral, FL, USA",
"Carrollwood, FL, USA",
"Casselberry, FL, USA",
"Citrus Park, FL, USA",
"Clearwater, FL, USA",
"Clermont, FL, USA",
"Coconut Creek, FL, USA",
"Cooper City, FL, USA",
"Coral Gables, FL, USA",
"Coral Springs, FL, USA",
"Country Club, FL, USA",
"Crestview, FL, USA",
"Cutler Bay, FL, USA",
"Dania Beach, FL, USA",
"Davie, FL, USA",
"Daytona Beach, FL, USA",
"DeLand, FL, USA",
"Deerfield Beach, FL, USA",
"Delray Beach, FL, USA",
"Deltona, FL, USA",
"Doral, FL, USA",
"Dunedin, FL, USA",
"East Lake, FL, USA",
"East Lake-Orient Park, FL, USA",
"Egypt Lake-Leto, FL, USA",
"Estero, FL, USA",
"Ferry Pass, FL, USA",
"Fish Hawk, FL, USA",
"Fleming Island, FL, USA",
"Fort Lauderdale, FL, USA",
"Fort Myers, FL, USA",
"Fort Pierce, FL, USA",
"Fountainebleau, FL, USA",
"Four Corners, FL, USA",
"Fruit Cove, FL, USA",
"Gainesville, FL, USA",
"Golden Gate, FL, USA",
"Golden Glades, FL, USA",
"Greenacres, FL, USA",
"Haines City, FL, USA",
"Hallandale Beach, FL, USA",
"Hialeah, FL, USA",
"Hollywood, FL, USA",
"Homestead, FL, USA",
"Horizon West, FL, USA",
"Immokalee, FL, USA",
"Ives Estates, FL, USA",
"Jacksonville, FL, USA",
"Jupiter, FL, USA",
"Kendale Lakes, FL, USA",
"Kendall, FL, USA",
"Kendall West, FL, USA",
"Key West, FL, USA",
"Keystone, FL, USA",
"Kissimmee, FL, USA",
"Lake Magdalene, FL, USA",
"Lake Worth Beach, FL, USA",
"Lakeland, FL, USA",
"Lakeside, FL, USA",
"Lakewood Ranch, FL, USA",
"Land O' Lakes, FL, USA",
"Largo, FL, USA",
"Lauderdale Lakes, FL, USA",
"Lauderhill, FL, USA",
"Leesburg, FL, USA",
"Lehigh Acres, FL, USA",
"Leisure City, FL, USA",
"Lutz, FL, USA",
"Margate, FL, USA",
"Meadow Woods, FL, USA",
"Melbourne, FL, USA",
"Merritt Island, FL, USA",
"Miami, FL, USA",
"Miami Beach, FL, USA",
"Miami Gardens, FL, USA",
"Miami Lakes, FL, USA",
"Miramar, FL, USA",
"Navarre, FL, USA",
"New Smyrna Beach, FL, USA",
"Nocatee, FL, USA",
"North Fort Myers, FL, USA",
"North Lauderdale, FL, USA",
"North Miami, FL, USA",
"North Miami Beach, FL, USA",
"North Port, FL, USA",
"Northdale, FL, USA",
"Oakland Park, FL, USA",
"Oakleaf Plantation, FL, USA",
"Ocala, FL, USA",
"Ocoee, FL, USA",
"Orlando, FL, USA",
"Ormond Beach, FL, USA",
"Oviedo, FL, USA",
"Pace, FL, USA",
"Palm Bay, FL, USA",
"Palm Beach Gardens, FL, USA",
"Palm City, FL, USA",
"Palm Coast, FL, USA",
"Palm Harbor, FL, USA",
"Palm River-Clair Mel, FL, USA",
"Palm Springs, FL, USA",
"Panama City, FL, USA",
"Parkland, FL, USA",
"Pembroke Pines, FL, USA",
"Pensacola, FL, USA",
"Pine Hills, FL, USA",
"Pinellas Park, FL, USA",
"Plant City, FL, USA",
"Plantation, FL, USA",
"Poinciana, FL, USA",
"Pompano Beach, FL, USA",
"Port Charlotte, FL, USA",
"Port Orange, FL, USA",
"Port St. Lucie, FL, USA",
"Princeton, FL, USA",
"Richmond West, FL, USA",
"Riverview, FL, USA",
"Riviera Beach, FL, USA",
"Rockledge, FL, USA",
"Royal Palm Beach, FL, USA",
"Ruskin, FL, USA",
"Sanford, FL, USA",
"Sarasota, FL, USA",
"Sebastian, FL, USA",
"Silver Springs Shores, FL, USA",
"South Bradenton, FL, USA",
"South Miami Heights, FL, USA",
"Spring Hill, FL, USA",
"St. Cloud, FL, USA",
"St. Petersburg, FL, USA",
"Sun City Center, FL, USA",
"Sunrise, FL, USA",
"Tallahassee, FL, USA",
"Tamarac, FL, USA",
"Tamiami, FL, USA",
"Tampa, FL, USA",
"Tarpon Springs, FL, USA",
"Temple Terrace, FL, USA",
"The Acreage, FL, USA",
"The Hammocks, FL, USA",
"The Villages, FL, USA",
"Titusville, FL, USA",
"Town 'n' Country, FL, USA",
"Valrico, FL, USA",
"Venice, FL, USA",
"Vero Beach South, FL, USA",
"Wellington, FL, USA",
"Wesley Chapel, FL, USA",
"West Little River, FL, USA",
"West Melbourne, FL, USA",
"West Palm Beach, FL, USA",
"Westchester, FL, USA",
"Weston, FL, USA",
"Winter Garden, FL, USA",
"Winter Haven, FL, USA",
"Winter Park, FL, USA",
"Winter Springs, FL, USA",
"Wright, FL, USA",

"Albany, GA, USA",
"Alpharetta, GA, USA",
"Athens, GA, USA",
"Atlanta, GA, USA",
"Augusta, GA, USA",
"Brookhaven, GA, USA",
"Canton, GA, USA",
"Carrollton, GA, USA",
"Chamblee, GA, USA",
"Columbus, GA, USA",
"Dalton, GA, USA",
"Douglasville, GA, USA",
"Duluth, GA, USA",
"Dunwoody, GA, USA",
"East Point, GA, USA",
"Evans, GA, USA",
"Gainesville, GA, USA",
"Hinesville, GA, USA",
"Johns Creek, GA, USA",
"Kennesaw, GA, USA",
"LaGrange, GA, USA",
"Lawrenceville, GA, USA",
"Mableton, GA, USA",
"Macon-Bibb County, GA, USA",
"Marietta, GA, USA",
"Martinez, GA, USA",
"McDonough, GA, USA",
"Milton, GA, USA",
"Newnan, GA, USA",
"Peachtree City, GA, USA",
"Peachtree Corners, GA, USA",
"Pooler, GA, USA",
"Redan, GA, USA",
"Rome, GA, USA",
"Roswell, GA, USA",
"Sandy Springs, GA, USA",
"Savannah, GA, USA",
"Smyrna, GA, USA",
"South Fulton, GA, USA",
"Statesboro, GA, USA",
"Stockbridge, GA, USA",
"Stonecrest, GA, USA",
"Sugar Hill, GA, USA",
"Tucker, GA, USA",
"Union City, GA, USA",
"Valdosta, GA, USA",
"Warner Robins, GA, USA",
"Woodstock, GA, USA",

"East Honolulu, HI, USA",
"Ewa Gentry, HI, USA",
"Hilo, HI, USA",
"Kahului, HI, USA",
"Kailua, HI, USA",
"Kaneohe, HI, USA",
"Mililani Town, HI, USA",
"Pearl City, HI, USA",
"Urban Honolulu, HI, USA",
"Waipahu, HI, USA",

"Ames, IA, USA",
"Ankeny, IA, USA",
"Bettendorf, IA, USA",
"Cedar Falls, IA, USA",
"Cedar Rapids, IA, USA",
"Council Bluffs, IA, USA",
"Davenport, IA, USA",
"Des Moines, IA, USA",
"Dubuque, IA, USA",
"Iowa City, IA, USA",
"Marion, IA, USA",
"Marshalltown, IA, USA",
"Mason City, IA, USA",
"Ottumwa, IA, USA",
"Sioux City, IA, USA",
"Urbandale, IA, USA",
"Waterloo, IA, USA",
"Waukee, IA, USA",
"West Des Moines, IA, USA",

"Boise City, ID, USA",
"Caldwell, ID, USA",
"Coeur d'Alene, ID, USA",
"Eagle, ID, USA",
"Idaho Falls, ID, USA",
"Kuna, ID, USA",
"Lewiston, ID, USA",
"Meridian, ID, USA",
"Moscow, ID, USA",
"Nampa, ID, USA",
"Pocatello, ID, USA",
"Post Falls, ID, USA",
"Rexburg, ID, USA",
"Twin Falls, ID, USA",

"Addison, IL, USA",
"Algonquin, IL, USA",
"Alton, IL, USA",
"Arlington Heights, IL, USA",
"Aurora, IL, USA",
"Bartlett, IL, USA",
"Batavia, IL, USA",
"Belleville, IL, USA",
"Berwyn, IL, USA",
"Bloomington, IL, USA",
"Bolingbrook, IL, USA",
"Buffalo Grove, IL, USA",
"Burbank, IL, USA",
"Calumet City, IL, USA",
"Carol Stream, IL, USA",
"Carpentersville, IL, USA",
"Champaign, IL, USA",
"Chicago, IL, USA",
"Chicago Heights, IL, USA",
"Cicero, IL, USA",
"Crystal Lake, IL, USA",
"Danville, IL, USA",
"DeKalb, IL, USA",
"Decatur, IL, USA",
"Des Plaines, IL, USA",
"Downers Grove, IL, USA",
"Edwardsville, IL, USA",
"Elgin, IL, USA",
"Elk Grove Village, IL, USA",
"Elmhurst, IL, USA",
"Evanston, IL, USA",
"Galesburg, IL, USA",
"Glen Ellyn, IL, USA",
"Glendale Heights, IL, USA",
"Glenview, IL, USA",
"Granite City, IL, USA",
"Gurnee, IL, USA",
"Hanover Park, IL, USA",
"Highland Park, IL, USA",
"Hoffman Estates, IL, USA",
"Huntley, IL, USA",
"Joliet, IL, USA",
"Lake in the Hills, IL, USA",
"Lansing, IL, USA",
"Lockport, IL, USA",
"Lombard, IL, USA",
"McHenry, IL, USA",
"Moline, IL, USA",
"Mount Prospect, IL, USA",
"Mundelein, IL, USA",
"Naperville, IL, USA",
"New Lenox, IL, USA",
"Niles, IL, USA",
"Normal, IL, USA",
"North Chicago, IL, USA",
"Northbrook, IL, USA",
"O'Fallon, IL, USA",
"Oak Forest, IL, USA",
"Oak Lawn, IL, USA",
"Oak Park, IL, USA",
"Orland Park, IL, USA",
"Oswego, IL, USA",
"Palatine, IL, USA",
"Park Ridge, IL, USA",
"Pekin, IL, USA",
"Peoria, IL, USA",
"Plainfield, IL, USA",
"Quincy, IL, USA",
"Rock Island, IL, USA",
"Rockford, IL, USA",
"Romeoville, IL, USA",
"Round Lake Beach, IL, USA",
"Schaumburg, IL, USA",
"Skokie, IL, USA",
"Springfield, IL, USA",
"St. Charles, IL, USA",
"Streamwood, IL, USA",
"Tinley Park, IL, USA",
"Urbana, IL, USA",
"Vernon Hills, IL, USA",
"Waukegan, IL, USA",
"West Chicago, IL, USA",
"Wheaton, IL, USA",
"Wheeling, IL, USA",
"Wilmette, IL, USA",
"Woodridge, IL, USA",
"Woodstock, IL, USA",

"Anderson, IN, USA",
"Bloomington, IN, USA",
"Brownsburg, IN, USA",
"Carmel, IN, USA",
"Columbus, IN, USA",
"Crown Point, IN, USA",
"East Chicago, IN, USA",
"Elkhart, IN, USA",
"Evansville, IN, USA",
"Fishers, IN, USA",
"Fort Wayne, IN, USA",
"Franklin, IN, USA",
"Gary, IN, USA",
"Goshen, IN, USA",
"Granger, IN, USA",
"Greenwood, IN, USA",
"Hammond, IN, USA",
"Hobart, IN, USA",
"Indianapolis, IN, USA",
"Jeffersonville, IN, USA",
"Kokomo, IN, USA",
"Lafayette, IN, USA",
"Lawrence, IN, USA",
"Marion, IN, USA",
"Merrillville, IN, USA",
"Michigan City, IN, USA",
"Mishawaka, IN, USA",
"Muncie, IN, USA",
"New Albany, IN, USA",
"Noblesville, IN, USA",
"Plainfield, IN, USA",
"Portage, IN, USA",
"Richmond, IN, USA",
"Schererville, IN, USA",
"South Bend, IN, USA",
"Terre Haute, IN, USA",
"Valparaiso, IN, USA",
"West Lafayette, IN, USA",
"Westfield, IN, USA",
"Zionsville, IN, USA",

"Derby, KS, USA",
"Dodge City, KS, USA",
"Garden City, KS, USA",
"Hutchinson, KS, USA",
"Kansas City, KS, USA",
"Lawrence, KS, USA",
"Leavenworth, KS, USA",
"Leawood, KS, USA",
"Lenexa, KS, USA",
"Manhattan, KS, USA",
"Olathe, KS, USA",
"Overland Park, KS, USA",
"Salina, KS, USA",
"Shawnee, KS, USA",
"Topeka, KS, USA",
"Wichita, KS, USA",

"Bowling Green, KY, USA",
"Covington, KY, USA",
"Elizabethtown, KY, USA",
"Florence, KY, USA",
"Frankfort, KY, USA",
"Georgetown, KY, USA",
"Henderson, KY, USA",
"Hopkinsville, KY, USA",
"Independence, KY, USA",
"Jeffersontown, KY, USA",
"Lexington-Fayette urban county, KY, USA",
"Louisville, KY, USA",
"Nicholasville, KY, USA",
"Owensboro, KY, USA",
"Paducah, KY, USA",
"Richmond, KY, USA",

"Alexandria, LA, USA",
"Baton Rouge, LA, USA",
"Bossier City, LA, USA",
"Central, LA, USA",
"Houma, LA, USA",
"Kenner, LA, USA",
"Lafayette, LA, USA",
"Lake Charles, LA, USA",
"Laplace, LA, USA",
"Marrero, LA, USA",
"Metairie, LA, USA",
"Monroe, LA, USA",
"New Iberia, LA, USA",
"New Orleans, LA, USA",
"Prairieville, LA, USA",
"Shreveport, LA, USA",
"Slidell, LA, USA",
"Terrytown, LA, USA",

"Agawam Town, MA, USA",
"Amherst Town, MA, USA",
"Arlington, MA, USA",
"Attleboro, MA, USA",
"Barnstable Town, MA, USA",
"Belmont, MA, USA",
"Beverly, MA, USA",
"Boston, MA, USA",
"Braintree Town, MA, USA",
"Bridgewater Town, MA, USA",
"Brockton, MA, USA",
"Brookline, MA, USA",
"Burlington, MA, USA",
"Cambridge, MA, USA",
"Chelsea, MA, USA",
"Chicopee, MA, USA",
"Danvers, MA, USA",
"Dedham, MA, USA",
"Everett, MA, USA",
"Fall River, MA, USA",
"Fitchburg, MA, USA",
"Framingham, MA, USA",
"Franklin Town, MA, USA",
"Gloucester, MA, USA",
"Haverhill, MA, USA",
"Holyoke, MA, USA",
"Lawrence, MA, USA",
"Leominster, MA, USA",
"Lexington, MA, USA",
"Lowell, MA, USA",
"Lynn, MA, USA",
"Malden, MA, USA",
"Marlborough, MA, USA",
"Medford, MA, USA",
"Melrose, MA, USA",
"Methuen Town, MA, USA",
"Milford, MA, USA",
"Milton, MA, USA",
"Needham, MA, USA",
"New Bedford, MA, USA",
"Newton, MA, USA",
"North Attleborough Town, MA, USA",
"Northampton, MA, USA",
"Norwood, MA, USA",
"Peabody, MA, USA",
"Pittsfield, MA, USA",
"Quincy, MA, USA",
"Randolph Town, MA, USA",
"Reading, MA, USA",
"Revere, MA, USA",
"Salem, MA, USA",
"Saugus, MA, USA",
"Somerville, MA, USA",
"Springfield, MA, USA",
"Taunton, MA, USA",
"Wakefield, MA, USA",
"Waltham, MA, USA",
"Watertown Town, MA, USA",
"Wellesley, MA, USA",
"West Springfield Town, MA, USA",
"Westfield, MA, USA",
"Weymouth Town, MA, USA",
"Woburn, MA, USA",
"Worcester, MA, USA",

"Annapolis, MD, USA",
"Aspen Hill, MD, USA",
"Ballenger Creek, MD, USA",
"Baltimore, MD, USA",
"Bel Air North, MD, USA",
"Bel Air South, MD, USA",
"Bethesda, MD, USA",
"Bowie, MD, USA",
"Carney, MD, USA",
"Catonsville, MD, USA",
"Chillum, MD, USA",
"Clarksburg, MD, USA",
"Clinton, MD, USA",
"College Park, MD, USA",
"Columbia, MD, USA",
"Crofton, MD, USA",
"Dundalk, MD, USA",
"Edgewood, MD, USA",
"Eldersburg, MD, USA",
"Elkridge, MD, USA",
"Ellicott City, MD, USA",
"Essex, MD, USA",
"Fairland, MD, USA",
"Fort Washington, MD, USA",
"Frederick, MD, USA",
"Gaithersburg, MD, USA",
"Germantown, MD, USA",
"Glen Burnie, MD, USA",
"Hagerstown, MD, USA",
"Ilchester, MD, USA",
"Laurel, MD, USA",
"Lochearn, MD, USA",
"Middle River, MD, USA",
"Milford Mill, MD, USA",
"Montgomery Village, MD, USA",
"North Bethesda, MD, USA",
"North Laurel, MD, USA",
"Odenton, MD, USA",
"Olney, MD, USA",
"Owings Mills, MD, USA",
"Parkville, MD, USA",
"Pasadena, MD, USA",
"Perry Hall, MD, USA",
"Pikesville, MD, USA",
"Potomac, MD, USA",
"Randallstown, MD, USA",
"Reisterstown, MD, USA",
"Rockville, MD, USA",
"Salisbury, MD, USA",
"Severn, MD, USA",
"Severna Park, MD, USA",
"Silver Spring, MD, USA",
"South Laurel, MD, USA",
"Towson, MD, USA",
"Waldorf, MD, USA",
"Wheaton, MD, USA",
"Woodlawn, MD, USA",

"Bangor, ME, USA",
"Lewiston, ME, USA",
"Portland, ME, USA",
"South Portland, ME, USA",

"Allen Park, MI, USA",
"Allendale, MI, USA",
"Ann Arbor, MI, USA",
"Battle Creek, MI, USA",
"Bay City, MI, USA",
"Burton, MI, USA",
"Dearborn, MI, USA",
"Dearborn Heights, MI, USA",
"Detroit, MI, USA",
"East Lansing, MI, USA",
"Eastpointe, MI, USA",
"Farmington Hills, MI, USA",
"Flint, MI, USA",
"Forest Hills, MI, USA",
"Garden City, MI, USA",
"Grand Rapids, MI, USA",
"Hamtramck, MI, USA",
"Holland, MI, USA",
"Holt, MI, USA",
"Inkster, MI, USA",
"Jackson, MI, USA",
"Kalamazoo, MI, USA",
"Kentwood, MI, USA",
"Lansing, MI, USA",
"Lincoln Park, MI, USA",
"Livonia, MI, USA",
"Madison Heights, MI, USA",
"Midland, MI, USA",
"Muskegon, MI, USA",
"Norton Shores, MI, USA",
"Novi, MI, USA",
"Oak Park, MI, USA",
"Okemos, MI, USA",
"Pontiac, MI, USA",
"Port Huron, MI, USA",
"Portage, MI, USA",
"Rochester Hills, MI, USA",
"Roseville, MI, USA",
"Royal Oak, MI, USA",
"Saginaw, MI, USA",
"Southfield, MI, USA",
"Southgate, MI, USA",
"St. Clair Shores, MI, USA",
"Sterling Heights, MI, USA",
"Taylor, MI, USA",
"Troy, MI, USA",
"Walker, MI, USA",
"Warren, MI, USA",
"Westland, MI, USA",
"Wyoming, MI, USA",

"Andover, MN, USA",
"Apple Valley, MN, USA",
"Austin, MN, USA",
"Blaine, MN, USA",
"Bloomington, MN, USA",
"Brooklyn Center, MN, USA",
"Brooklyn Park, MN, USA",
"Burnsville, MN, USA",
"Chanhassen, MN, USA",
"Chaska, MN, USA",
"Coon Rapids, MN, USA",
"Cottage Grove, MN, USA",
"Duluth, MN, USA",
"Eagan, MN, USA",
"Eden Prairie, MN, USA",
"Edina, MN, USA",
"Elk River, MN, USA",
"Fridley, MN, USA",
"Inver Grove Heights, MN, USA",
"Lakeville, MN, USA",
"Mankato, MN, USA",
"Maple Grove, MN, USA",
"Maplewood, MN, USA",
"Minneapolis, MN, USA",
"Minnetonka, MN, USA",
"Moorhead, MN, USA",
"Oakdale, MN, USA",
"Owatonna, MN, USA",
"Plymouth, MN, USA",
"Prior Lake, MN, USA",
"Ramsey, MN, USA",
"Richfield, MN, USA",
"Rochester, MN, USA",
"Rosemount, MN, USA",
"Roseville, MN, USA",
"Savage, MN, USA",
"Shakopee, MN, USA",
"Shoreview, MN, USA",
"St. Cloud, MN, USA",
"St. Louis Park, MN, USA",
"St. Paul, MN, USA",
"Winona, MN, USA",
"Woodbury, MN, USA",

"Ballwin, MO, USA",
"Blue Springs, MO, USA",
"Cape Girardeau, MO, USA",
"Chesterfield, MO, USA",
"Columbia, MO, USA",
"Florissant, MO, USA",
"Gladstone, MO, USA",
"Grandview, MO, USA",
"Hazelwood, MO, USA",
"Independence, MO, USA",
"Jefferson City, MO, USA",
"Joplin, MO, USA",
"Kansas City, MO, USA",
"Kirkwood, MO, USA",
"Lee's Summit, MO, USA",
"Liberty, MO, USA",
"Maryland Heights, MO, USA",
"Mehlville, MO, USA",
"O'Fallon, MO, USA",
"Oakville, MO, USA",
"Raytown, MO, USA",
"Springfield, MO, USA",
"St. Charles, MO, USA",
"St. Joseph, MO, USA",
"St. Louis, MO, USA",
"St. Peters, MO, USA",
"University City, MO, USA",
"Wentzville, MO, USA",
"Wildwood, MO, USA",

"Biloxi, MS, USA",
"Brandon, MS, USA",
"Clinton, MS, USA",
"Greenville, MS, USA",
"Gulfport, MS, USA",
"Hattiesburg, MS, USA",
"Horn Lake, MS, USA",
"Jackson, MS, USA",
"Madison, MS, USA",
"Meridian, MS, USA",
"Olive Branch, MS, USA",
"Oxford, MS, USA",
"Pearl, MS, USA",
"Southaven, MS, USA",
"Starkville, MS, USA",
"Tupelo, MS, USA",

"Billings, MT, USA",
"Bozeman, MT, USA",
"Butte, MT, USA",
"Great Falls, MT, USA",
"Helena, MT, USA",
"Kalispell, MT, USA",
"Missoula, MT, USA",

"Apex, NC, USA",
"Asheboro, NC, USA",
"Asheville, NC, USA",
"Burlington, NC, USA",
"Cary, NC, USA",
"Chapel Hill, NC, USA",
"Charlotte, NC, USA",
"Clayton, NC, USA",
"Concord, NC, USA",
"Cornelius, NC, USA",
"Durham, NC, USA",
"Fayetteville, NC, USA",
"Fuquay-Varina, NC, USA",
"Garner, NC, USA",
"Gastonia, NC, USA",
"Goldsboro, NC, USA",
"Greensboro, NC, USA",
"Greenville, NC, USA",
"Hickory, NC, USA",
"High Point, NC, USA",
"Holly Springs, NC, USA",
"Huntersville, NC, USA",
"Indian Trail, NC, USA",
"Jacksonville, NC, USA",
"Kannapolis, NC, USA",
"Kernersville, NC, USA",
"Leland, NC, USA",
"Matthews, NC, USA",
"Mint Hill, NC, USA",
"Monroe, NC, USA",
"Mooresville, NC, USA",
"Morrisville, NC, USA",
"New Bern, NC, USA",
"Raleigh, NC, USA",
"Rocky Mount, NC, USA",
"Salisbury, NC, USA",
"Sanford, NC, USA",
"Statesville, NC, USA",
"Thomasville, NC, USA",
"Wake Forest, NC, USA",
"Wilmington, NC, USA",
"Wilson, NC, USA",
"Winston-Salem, NC, USA",

"Bismarck, ND, USA",
"Dickinson, ND, USA",
"Fargo, ND, USA",
"Grand Forks, ND, USA",
"Minot, ND, USA",
"West Fargo, ND, USA",
"Williston, ND, USA",

"Bellevue, NE, USA",
"Fremont, NE, USA",
"Grand Island, NE, USA",
"Hastings, NE, USA",
"Kearney, NE, USA",
"Lincoln, NE, USA",
"Norfolk, NE, USA",
"Omaha, NE, USA",

"Concord, NH, USA",
"Dover, NH, USA",
"Manchester, NH, USA",
"Nashua, NH, USA",
"Rochester, NH, USA",

"Atlantic City, NJ, USA",
"Bayonne, NJ, USA",
"Bergenfield, NJ, USA",
"Bridgeton, NJ, USA",
"Camden, NJ, USA",
"Carteret, NJ, USA",
"Cliffside Park, NJ, USA",
"Clifton, NJ, USA",
"East Orange, NJ, USA",
"Elizabeth, NJ, USA",
"Englewood, NJ, USA",
"Fair Lawn, NJ, USA",
"Fort Lee, NJ, USA",
"Garfield, NJ, USA",
"Hackensack, NJ, USA",
"Hoboken, NJ, USA",
"Jersey City, NJ, USA",
"Kearny, NJ, USA",
"Lakewood, NJ, USA",
"Linden, NJ, USA",
"Lodi, NJ, USA",
"Long Branch, NJ, USA",
"Millville, NJ, USA",
"New Brunswick, NJ, USA",
"Newark, NJ, USA",
"Old Bridge, NJ, USA",
"Paramus, NJ, USA",
"Passaic, NJ, USA",
"Paterson, NJ, USA",
"Perth Amboy, NJ, USA",
"Plainfield, NJ, USA",
"Princeton, NJ, USA",
"Rahway, NJ, USA",
"Ridgewood, NJ, USA",
"Sayreville, NJ, USA",
"Sicklerville, NJ, USA",
"Toms River, NJ, USA",
"Trenton, NJ, USA",
"Union City, NJ, USA",
"Vineland, NJ, USA",
"West New York, NJ, USA",
"Westfield, NJ, USA",

"Alamogordo, NM, USA",
"Albuquerque, NM, USA",
"Carlsbad, NM, USA",
"Clovis, NM, USA",
"Farmington, NM, USA",
"Hobbs, NM, USA",
"Las Cruces, NM, USA",
"Rio Rancho, NM, USA",
"Roswell, NM, USA",
"Santa Fe, NM, USA",
"South Valley, NM, USA",

"Carson City, NV, USA",
"Enterprise, NV, USA",
"Henderson, NV, USA",
"Las Vegas, NV, USA",
"North Las Vegas, NV, USA",
"Pahrump, NV, USA",
"Paradise, NV, USA",
"Reno, NV, USA",
"Sparks, NV, USA",
"Spring Valley, NV, USA",
"Summerlin South, NV, USA",
"Sunrise Manor, NV, USA",
"Whitney, NV, USA",
"Winchester, NV, USA",

"Albany, NY, USA",
"Auburn, NY, USA",
"Baldwin, NY, USA",
"Bay Shore, NY, USA",
"Binghamton, NY, USA",
"Brighton, NY, USA",
"Buffalo, NY, USA",
"Centereach, NY, USA",
"Central Islip, NY, USA",
"Cheektowaga, NY, USA",
"Commack, NY, USA",
"Coram, NY, USA",
"Deer Park, NY, USA",
"Dix Hills, NY, USA",
"East Meadow, NY, USA",
"Elmira, NY, USA",
"Elmont, NY, USA",
"Franklin Square, NY, USA",
"Freeport, NY, USA",
"Glen Cove, NY, USA",
"Harrison, NY, USA",
"Hempstead, NY, USA",
"Hicksville, NY, USA",
"Holbrook, NY, USA",
"Huntington Station, NY, USA",
"Irondequoit, NY, USA",
"Ithaca, NY, USA",
"Jamestown, NY, USA",
"Kiryas Joel, NY, USA",
"Levittown, NY, USA",
"Lindenhurst, NY, USA",
"Long Beach, NY, USA",
"Medford, NY, USA",
"Middletown, NY, USA",
"Monsey, NY, USA",
"Mount Vernon, NY, USA",
"New City, NY, USA",
"New Rochelle, NY, USA",
"New York, NY, USA",
"Newburgh, NY, USA",
"Niagara Falls, NY, USA",
"North Tonawanda, NY, USA",
"Oceanside, NY, USA",
"Ossining, NY, USA",
"Peekskill, NY, USA",
"Plainview, NY, USA",
"Port Chester, NY, USA",
"Poughkeepsie, NY, USA",
"Rochester, NY, USA",
"Rockville Centre, NY, USA",
"Rome, NY, USA",
"Saratoga Springs, NY, USA",
"Schenectady, NY, USA",
"Shirley, NY, USA",
"Spring Valley, NY, USA",
"Syracuse, NY, USA",
"Tonawanda Town, NY, USA",
"Troy, NY, USA",
"Uniondale, NY, USA",
"Utica, NY, USA",
"Valley Stream, NY, USA",
"West Babylon, NY, USA",
"West Islip, NY, USA",
"West Seneca, NY, USA",
"White Plains, NY, USA",
"Yonkers, NY, USA",

"Akron, OH, USA",
"Austintown, OH, USA",
"Avon, OH, USA",
"Avon Lake, OH, USA",
"Beavercreek, OH, USA",
"Bowling Green, OH, USA",
"Brunswick, OH, USA",
"Canton, OH, USA",
"Cincinnati, OH, USA",
"Cleveland, OH, USA",
"Cleveland Heights, OH, USA",
"Columbus, OH, USA",
"Cuyahoga Falls, OH, USA",
"Dayton, OH, USA",
"Delaware, OH, USA",
"Dublin, OH, USA",
"Elyria, OH, USA",
"Euclid, OH, USA",
"Fairborn, OH, USA",
"Fairfield, OH, USA",
"Findlay, OH, USA",
"Gahanna, OH, USA",
"Garfield Heights, OH, USA",
"Green, OH, USA",
"Grove City, OH, USA",
"Hamilton, OH, USA",
"Hilliard, OH, USA",
"Huber Heights, OH, USA",
"Kent, OH, USA",
"Kettering, OH, USA",
"Lakewood, OH, USA",
"Lancaster, OH, USA",
"Lima, OH, USA",
"Lorain, OH, USA",
"Mansfield, OH, USA",
"Marion, OH, USA",
"Marysville, OH, USA",
"Mason, OH, USA",
"Massillon, OH, USA",
"Medina, OH, USA",
"Mentor, OH, USA",
"Middletown, OH, USA",
"Newark, OH, USA",
"North Olmsted, OH, USA",
"North Ridgeville, OH, USA",
"North Royalton, OH, USA",
"Parma, OH, USA",
"Perrysburg, OH, USA",
"Reynoldsburg, OH, USA",
"Shaker Heights, OH, USA",
"Springfield, OH, USA",
"Stow, OH, USA",
"Strongsville, OH, USA",
"Toledo, OH, USA",
"Troy, OH, USA",
"Upper Arlington, OH, USA",
"Warren, OH, USA",
"Westerville, OH, USA",
"Westlake, OH, USA",
"Wooster, OH, USA",
"Xenia, OH, USA",
"Youngstown, OH, USA",

"Bartlesville, OK, USA",
"Bixby, OK, USA",
"Broken Arrow, OK, USA",
"Edmond, OK, USA",
"Enid, OK, USA",
"Jenks, OK, USA",
"Lawton, OK, USA",
"Midwest City, OK, USA",
"Moore, OK, USA",
"Muskogee, OK, USA",
"Norman, OK, USA",
"Oklahoma City, OK, USA",
"Owasso, OK, USA",
"Shawnee, OK, USA",
"Stillwater, OK, USA",
"Tulsa, OK, USA",

"Albany, OR, USA",
"Aloha, OR, USA",
"Beaverton, OR, USA",
"Bend, OR, USA",
"Bethany, OR, USA",
"Corvallis, OR, USA",
"Eugene, OR, USA",
"Forest Grove, OR, USA",
"Grants Pass, OR, USA",
"Gresham, OR, USA",
"Happy Valley, OR, USA",
"Hillsboro, OR, USA",
"Keizer, OR, USA",
"Lake Oswego, OR, USA",
"McMinnville, OR, USA",
"Medford, OR, USA",
"Newberg, OR, USA",
"Oregon City, OR, USA",
"Portland, OR, USA",
"Redmond, OR, USA",
"Salem, OR, USA",
"Springfield, OR, USA",
"Tigard, OR, USA",
"Tualatin, OR, USA",
"West Linn, OR, USA",
"Wilsonville, OR, USA",
"Woodburn, OR, USA",

"Allentown, PA, USA",
"Altoona, PA, USA",
"Bethel Park, PA, USA",
"Bethlehem, PA, USA",
"Chester, PA, USA",
"Drexel Hill, PA, USA",
"Easton, PA, USA",
"Erie, PA, USA",
"Harrisburg, PA, USA",
"Hazleton, PA, USA",
"King of Prussia, PA, USA",
"Lancaster, PA, USA",
"Lebanon, PA, USA",
"Levittown, PA, USA",
"Monroeville, PA, USA",
"Norristown, PA, USA",
"Philadelphia, PA, USA",
"Pittsburgh, PA, USA",
"Plum, PA, USA",
"Reading, PA, USA",
"Scranton, PA, USA",
"State College, PA, USA",
"Wilkes-Barre, PA, USA",
"Williamsport, PA, USA",
"York, PA, USA",

"Cranston, RI, USA",
"East Providence, RI, USA",
"Newport, RI, USA",
"Pawtucket, RI, USA",
"Providence, RI, USA",
"Warwick, RI, USA",
"Woonsocket, RI, USA",

"Aiken, SC, USA",
"Anderson, SC, USA",
"Bluffton, SC, USA",
"Carolina Forest, SC, USA",
"Charleston, SC, USA",
"Columbia, SC, USA",
"Conway, SC, USA",
"Florence, SC, USA",
"Fort Mill, SC, USA",
"Goose Creek, SC, USA",
"Greenville, SC, USA",
"Greer, SC, USA",
"Hilton Head Island, SC, USA",
"Mauldin, SC, USA",
"Mount Pleasant, SC, USA",
"Myrtle Beach, SC, USA",
"North Charleston, SC, USA",
"Rock Hill, SC, USA",
"Simpsonville, SC, USA",
"Spartanburg, SC, USA",
"Summerville, SC, USA",
"Sumter, SC, USA",

"Aberdeen, SD, USA",
"Rapid City, SD, USA",
"Sioux Falls, SD, USA",

"Bartlett, TN, USA",
"Brentwood, TN, USA",
"Bristol, TN, USA",
"Chattanooga, TN, USA",
"Clarksville, TN, USA",
"Cleveland, TN, USA",
"Collierville, TN, USA",
"Columbia, TN, USA",
"Cookeville, TN, USA",
"Franklin, TN, USA",
"Gallatin, TN, USA",
"Germantown, TN, USA",
"Hendersonville, TN, USA",
"Jackson, TN, USA",
"Johnson City, TN, USA",
"Kingsport, TN, USA",
"Knoxville, TN, USA",
"La Vergne, TN, USA",
"Lebanon, TN, USA",
"Maryville, TN, USA",
"Memphis, TN, USA",
"Morristown, TN, USA",
"Mount Juliet, TN, USA",
"Murfreesboro, TN, USA",
"Nashville, TN, USA",
"Oak Ridge, TN, USA",
"Smyrna, TN, USA",
"Spring Hill, TN, USA",

"Abilene, TX, USA",
"Allen, TX, USA",
"Alvin, TX, USA",
"Amarillo, TX, USA",
"Arlington, TX, USA",
"Atascocita, TX, USA",
"Austin, TX, USA",
"Balch Springs, TX, USA",
"Baytown, TX, USA",
"Beaumont, TX, USA",
"Bedford, TX, USA",
"Brownsville, TX, USA",
"Bryan, TX, USA",
"Burleson, TX, USA",
"Canyon Lake, TX, USA",
"Carrollton, TX, USA",
"Cedar Hill, TX, USA",
"Cedar Park, TX, USA",
"Celina, TX, USA",
"Channelview, TX, USA",
"Cibolo, TX, USA",
"Cleburne, TX, USA",
"College Station, TX, USA",
"Colleyville, TX, USA",
"Conroe, TX, USA",
"Converse, TX, USA",
"Coppell, TX, USA",
"Copperas Cove, TX, USA",
"Corpus Christi, TX, USA",
"Corsicana, TX, USA",
"Dallas, TX, USA",
"DeSoto, TX, USA",
"Deer Park, TX, USA",
"Del Rio, TX, USA",
"Denison, TX, USA",
"Denton, TX, USA",
"Duncanville, TX, USA",
"Eagle Pass, TX, USA",
"Edinburg, TX, USA",
"El Paso, TX, USA",
"Euless, TX, USA",
"Farmers Branch, TX, USA",
"Flower Mound, TX, USA",
"Forney, TX, USA",
"Fort Hood, TX, USA",
"Fort Worth, TX, USA",
"Friendswood, TX, USA",
"Frisco, TX, USA",
"Fulshear, TX, USA",
"Galveston, TX, USA",
"Garland, TX, USA",
"Georgetown, TX, USA",
"Grand Prairie, TX, USA",
"Grapevine, TX, USA",
"Greenville, TX, USA",
"Haltom City, TX, USA",
"Harker Heights, TX, USA",
"Harlingen, TX, USA",
"Houston, TX, USA",
"Huntsville, TX, USA",
"Hurst, TX, USA",
"Hutto, TX, USA",
"Irving, TX, USA",
"Keller, TX, USA",
"Killeen, TX, USA",
"Kingsville, TX, USA",
"Kyle, TX, USA",
"La Porte, TX, USA",
"Lake Jackson, TX, USA",
"Lancaster, TX, USA",
"Laredo, TX, USA",
"League City, TX, USA",
"Leander, TX, USA",
"Lewisville, TX, USA",
"Little Elm, TX, USA",
"Longview, TX, USA",
"Lubbock, TX, USA",
"Lufkin, TX, USA",
"Mansfield, TX, USA",
"McAllen, TX, USA",
"McKinney, TX, USA",
"Mesquite, TX, USA",
"Midland, TX, USA",
"Midlothian, TX, USA",
"Mission, TX, USA",
"Mission Bend, TX, USA",
"Missouri City, TX, USA",
"Nacogdoches, TX, USA",
"New Braunfels, TX, USA",
"North Richland Hills, TX, USA",
"Odessa, TX, USA",
"Pasadena, TX, USA",
"Pearland, TX, USA",
"Pflugerville, TX, USA",
"Pharr, TX, USA",
"Plano, TX, USA",
"Port Arthur, TX, USA",
"Prosper, TX, USA",
"Richardson, TX, USA",
"Rockwall, TX, USA",
"Rosenberg, TX, USA",
"Round Rock, TX, USA",
"Rowlett, TX, USA",
"Sachse, TX, USA",
"San Angelo, TX, USA",
"San Antonio, TX, USA",
"San Juan, TX, USA",
"San Marcos, TX, USA",
"Schertz, TX, USA",
"Seguin, TX, USA",
"Sherman, TX, USA",
"Sienna, TX, USA",
"Socorro, TX, USA",
"Southlake, TX, USA",
"Spring, TX, USA",
"Sugar Land, TX, USA",
"Temple, TX, USA",
"Texarkana, TX, USA",
"Texas City, TX, USA",
"The Colony, TX, USA",
"The Woodlands, TX, USA",
"Timberwood Park, TX, USA",
"Tyler, TX, USA",
"University Park, TX, USA",
"Victoria, TX, USA",
"Waco, TX, USA",
"Waxahachie, TX, USA",
"Weatherford, TX, USA",
"Weslaco, TX, USA",
"West Odessa, TX, USA",
"Wichita Falls, TX, USA",
"Wylie, TX, USA",

"American Fork, UT, USA",
"Bountiful, UT, USA",
"Cedar City, UT, USA",
"Clearfield, UT, USA",
"Cottonwood Heights, UT, USA",
"Draper, UT, USA",
"Eagle Mountain, UT, USA",
"Herriman, UT, USA",
"Holladay, UT, USA",
"Kaysville, UT, USA",
"Kearns, UT, USA",
"Layton, UT, USA",
"Lehi, UT, USA",
"Logan, UT, USA",
"Magna, UT, USA",
"Midvale, UT, USA",
"Millcreek, UT, USA",
"Murray, UT, USA",
"Ogden, UT, USA",
"Orem, UT, USA",
"Pleasant Grove, UT, USA",
"Provo, UT, USA",
"Riverton, UT, USA",
"Roy, UT, USA",
"Salt Lake City, UT, USA",
"Sandy, UT, USA",
"Saratoga Springs, UT, USA",
"South Jordan, UT, USA",
"South Salt Lake, UT, USA",
"Spanish Fork, UT, USA",
"Springville, UT, USA",
"St. George, UT, USA",
"Syracuse, UT, USA",
"Taylorsville, UT, USA",
"Tooele, UT, USA",
"Washington, UT, USA",
"West Jordan, UT, USA",
"West Valley City, UT, USA",

"Alexandria, VA, USA",
"Annandale, VA, USA",
"Arlington, VA, USA",
"Ashburn, VA, USA",
"Bailey's Crossroads, VA, USA",
"Blacksburg, VA, USA",
"Burke, VA, USA",
"Cave Spring, VA, USA",
"Centreville, VA, USA",
"Charlottesville, VA, USA",
"Chesapeake, VA, USA",
"Dale City, VA, USA",
"Danville, VA, USA",
"Fair Oaks, VA, USA",
"Fredericksburg, VA, USA",
"Hampton, VA, USA",
"Harrisonburg, VA, USA",
"Lake Ridge, VA, USA",
"Leesburg, VA, USA",
"Linton Hall, VA, USA",
"Lynchburg, VA, USA",
"Manassas, VA, USA",
"McLean, VA, USA",
"Mechanicsville, VA, USA",
"Newport News, VA, USA",
"Norfolk, VA, USA",
"Oakton, VA, USA",
"Petersburg, VA, USA",
"Portsmouth, VA, USA",
"Reston, VA, USA",
"Richmond, VA, USA",
"Roanoke, VA, USA",
"Salem, VA, USA",
"Short Pump, VA, USA",
"South Riding, VA, USA",
"Springfield, VA, USA",
"Staunton, VA, USA",
"Sterling, VA, USA",
"Suffolk, VA, USA",
"Tuckahoe, VA, USA",
"Tysons, VA, USA",
"Virginia Beach, VA, USA",
"West Falls Church, VA, USA",
"Winchester, VA, USA",
"Woodbridge, VA, USA",

"Burlington, VT, USA",

"Auburn, WA, USA",
"Bellevue, WA, USA",
"Bellingham, WA, USA",
"Bothell, WA, USA",
"Bremerton, WA, USA",
"Burien, WA, USA",
"Camas, WA, USA",
"Des Moines, WA, USA",
"Edmonds, WA, USA",
"Everett, WA, USA",
"Federal Way, WA, USA",
"Graham, WA, USA",
"Issaquah, WA, USA",
"Kennewick, WA, USA",
"Kent, WA, USA",
"Kirkland, WA, USA",
"Lacey, WA, USA",
"Lake Stevens, WA, USA",
"Lakewood, WA, USA",
"Longview, WA, USA",
"Lynnwood, WA, USA",
"Maple Valley, WA, USA",
"Marysville, WA, USA",
"Mercer Island, WA, USA",
"Mill Creek East, WA, USA",
"Moses Lake, WA, USA",
"Mount Vernon, WA, USA",
"Olympia, WA, USA",
"Orchards, WA, USA",
"Parkland, WA, USA",
"Pasco, WA, USA",
"Pullman, WA, USA",
"Puyallup, WA, USA",
"Redmond, WA, USA",
"Renton, WA, USA",
"Richland, WA, USA",
"Sammamish, WA, USA",
"SeaTac, WA, USA",
"Seattle, WA, USA",
"Shoreline, WA, USA",
"South Hill, WA, USA",
"Spanaway, WA, USA",
"Spokane, WA, USA",
"Spokane Valley, WA, USA",
"Tacoma, WA, USA",
"Tumwater, WA, USA",
"University Place, WA, USA",
"Vancouver, WA, USA",
"Walla Walla, WA, USA",
"Wenatchee, WA, USA",
"Yakima, WA, USA",

"Appleton, WI, USA",
"Beloit, WI, USA",
"Brookfield, WI, USA",
"Caledonia, WI, USA",
"De Pere, WI, USA",
"Eau Claire, WI, USA",
"Fitchburg, WI, USA",
"Fond du Lac, WI, USA",
"Franklin, WI, USA",
"Green Bay, WI, USA",
"Greenfield, WI, USA",
"Janesville, WI, USA",
"Kenosha, WI, USA",
"La Crosse, WI, USA",
"Madison, WI, USA",
"Manitowoc, WI, USA",
"Menomonee Falls, WI, USA",
"Mequon, WI, USA",
"Milwaukee, WI, USA",
"Mount Pleasant, WI, USA",
"Muskego, WI, USA",
"Neenah, WI, USA",
"New Berlin, WI, USA",
"Oak Creek, WI, USA",
"Oshkosh, WI, USA",
"Racine, WI, USA",
"Sheboygan, WI, USA",
"Stevens Point, WI, USA",
"Sun Prairie, WI, USA",
"Superior, WI, USA",
"Waukesha, WI, USA",
"Wausau, WI, USA",
"Wauwatosa, WI, USA",
"West Allis, WI, USA",
"West Bend, WI, USA",

"Charleston, WV, USA",
"Huntington, WV, USA",
"Morgantown, WV, USA",
"Parkersburg, WV, USA",
"Wheeling, WV, USA",

"Casper, WY, USA",
"Cheyenne, WY, USA",
"Gillette, WY, USA",
"Laramie, WY, USA",
